Run,Assay Type,AvgSpotLen,Bases,BioProject,BioSample,BioSampleModel,Bytes,Center Name,Collection_Date,Consent,DATASTORE filetype,DATASTORE provider,DATASTORE region,Experiment,FishID,geo_loc_name_country,geo_loc_name_country_continent,geo_loc_name,HOST,Instrument,isolation_source,lat_lon,Library Name,LibraryLayout,LibrarySelection,LibrarySource,Organism,Platform,ReleaseDate,create_date,version,samp_collect_device,Sample Name,SRA Study
SRR8438042,AMPLICON,500,32541049,PRJNA514914,SAMN10737168,Metagenome or environmental,23340759,NOVA SOUTHEASTERN UNIVERSITY,8/7/16,public,"fastq,run.zq,sra","gs,ncbi,s3","gs.us-east1,ncbi.public,s3.us-east-1",SRX5245631,CS60,uncalculated,uncalculated,Atlantic Ocean: Gulf of Mexico,Centrophryne spinulosa,Illumina MiSeq,Esca,26.9744 N 88.9683 W,CS60.ESCA,PAIRED,PCR,GENOMIC,fish metagenome,ILLUMINA,2019-08-31T00:00:00Z,2019-01-13T16:31:00Z,1,MOCNESS,CS60.ESCA,SRP178885
SRR8438043,AMPLICON,500,2432740,PRJNA514914,SAMN10737169,Metagenome or environmental,1748739,NOVA SOUTHEASTERN UNIVERSITY,8/8/16,public,"fastq,run.zq,sra","gs,ncbi,s3","gs.us-east1,ncbi.public,s3.us-east-1",SRX5245630,ON62.1,uncalculated,uncalculated,Atlantic Ocean: Gulf of Mexico,Oneirodidae,Illumina MiSeq,Esca,27.0174 N 87.9766 W,0N62.1.ESCA,PAIRED,PCR,GENOMIC,fish metagenome,ILLUMINA,2019-08-31T00:00:00Z,2019-01-13T16:31:00Z,1,MOCNESS,0N62.1.ESCA,SRP178885
SRR8438044,AMPLICON,500,55868495,PRJNA514914,SAMN10737166,Metagenome or environmental,37795643,NOVA SOUTHEASTERN UNIVERSITY,8/7/16,public,"fastq,run.zq,sra","gs,ncbi,s3","gs.us-east1,ncbi.public,s3.us-east-1",SRX5245629,CC60,uncalculated,uncalculated,Atlantic Ocean: Gulf of Mexico,Cryptopsaras couesii,Illumina MiSeq,skin,26.9744 N 88.9683 W,CC60.SKIN,PAIRED,PCR,GENOMIC,fish metagenome,ILLUMINA,2019-08-31T00:00:00Z,2019-01-13T16:31:00Z,1,MOCNESS,CC60.SKIN,SRP178885
SRR8438045,AMPLICON,501,13581264,PRJNA514914,SAMN10737167,Metagenome or environmental,9795639,NOVA SOUTHEASTERN UNIVERSITY,8/12/16,public,"fastq,run.zq,sra","gs,ncbi,s3","gs.us-east1,ncbi.public,s3.us-east-1",SRX5245628,CC70,uncalculated,uncalculated,Atlantic Ocean: Gulf of Mexico,Cryptopsaras couesii,Illumina MiSeq,Caruncles,26.9899 N 89.4684 W,CC70.CARUNCLE,PAIRED,PCR,GENOMIC,fish metagenome,ILLUMINA,2019-08-31T00:00:00Z,2019-01-13T16:31:00Z,1,MOCNESS,CC70.CARUNCLE,SRP178885
SRR8438046,AMPLICON,501,13407845,PRJNA514914,SAMN10737172,Metagenome or environmental,9790600,NOVA SOUTHEASTERN UNIVERSITY,8/12/16,public,"fastq,run.zq,sra","gs,ncbi,s3","gs.us-east1,ncbi.public,s3.us-east-1",SRX5245627,CC71.N0,uncalculated,uncalculated,Atlantic Ocean: Gulf of Mexico,Cryptopsaras couesii,Illumina MiSeq,Caruncles,26.9319 N 89.4316 W,CC71.N0.CARUNCLES,PAIRED,PCR,GENOMIC,fish metagenome,ILLUMINA,2019-08-31T00:00:00Z,2019-01-13T16:31:00Z,1,MOCNESS,CC71.N0.CARUNCLES,SRP178885
SRR8438047,AMPLICON,500,15129422,PRJNA514914,SAMN10737173,Metagenome or environmental,10378224,NOVA SOUTHEASTERN UNIVERSITY,8/8/16,public,"fastq,run.zq,sra","gs,ncbi,s3","gs.us-east1,ncbi.public,s3.us-east-1",SRX5245626,CC62,uncalculated,uncalculated,Atlantic Ocean: Gulf of Mexico,Cryptopsaras couesii,Illumina MiSeq,gills,27.0174 N 87.9766 W,CC62.GILLS,PAIRED,PCR,GENOMIC,fish metagenome,ILLUMINA,2019-08-31T00:00:00Z,2019-01-13T16:31:00Z,1,MOCNESS,CC62.GILLS,SRP178885
SRR8438048,AMPLICON,500,43861437,PRJNA514914,SAMN10737170,Metagenome or environmental,30232606,NOVA SOUTHEASTERN UNIVERSITY,8/8/16,public,"fastq,run.zq,sra","gs,ncbi,s3","gs.us-east1,ncbi.public,s3.us-east-1",SRX5245625,CC62,uncalculated,uncalculated,Atlantic Ocean: Gulf of Mexico,Cryptopsaras couesii,Illumina MiSeq,Esca,27.0174 N 87.9766 W,CC62.ESCA,PAIRED,PCR,GENOMIC,fish metagenome,ILLUMINA,2019-08-31T00:00:00Z,2019-01-13T16:31:00Z,1,MOCNESS,CC62.ESCA,SRP178885
SRR8438049,AMPLICON,501,62773661,PRJNA514914,SAMN10737171,Metagenome or environmental,43382867,NOVA SOUTHEASTERN UNIVERSITY,8/8/16,public,"fastq,run.zq,sra","gs,ncbi,s3","gs.us-east1,ncbi.public,s3.us-east-1",SRX5245624,CC62,uncalculated,uncalculated,Atlantic Ocean: Gulf of Mexico,Cryptopsaras couesii,Illumina MiSeq,fin,27.0174 N 87.9766 W,CC62.FIN,PAIRED,PCR,GENOMIC,fish metagenome,ILLUMINA,2019-08-31T00:00:00Z,2019-01-13T16:31:00Z,1,MOCNESS,CC62.FIN,SRP178885
SRR8438050,AMPLICON,500,14478511,PRJNA514914,SAMN10737221,Metagenome or environmental,8364586,NOVA SOUTHEASTERN UNIVERSITY,5/1/15,public,"fastq,run.zq,sra","gs,ncbi,s3","gs.us-east1,ncbi.public,s3.us-east-1",SRX5245623,DP02,uncalculated,uncalculated,Atlantic Ocean: Gulf of Mexico,Dolopichthys,Illumina MiSeq,Guts,29.0480 N 87.9900 W,DP3,PAIRED,PCR,GENOMIC,fish metagenome,ILLUMINA,2019-08-31T00:00:00Z,2019-01-13T16:31:00Z,1,MOCNESS,DP3,SRP178885
SRR8438051,AMPLICON,500,47396176,PRJNA514914,SAMN10737174,Metagenome or environmental,32053972,NOVA SOUTHEASTERN UNIVERSITY,8/8/16,public,"fastq,run.zq,sra","gs,ncbi,s3","gs.us-east1,ncbi.public,s3.us-east-1",SRX5245622,CC62,uncalculated,uncalculated,Atlantic Ocean: Gulf of Mexico,Cryptopsaras couesii,Illumina MiSeq,Guts,27.0174 N 87.9766 W,CC62.GUT,PAIRED,PCR,GENOMIC,fish metagenome,ILLUMINA,2019-08-31T00:00:00Z,2019-01-13T16:31:00Z,1,MOCNESS,CC62.GUT,SRP178885
SRR8438052,AMPLICON,500,71210141,PRJNA514914,SAMN10737175,Metagenome or environmental,49652682,NOVA SOUTHEASTERN UNIVERSITY,8/8/16,public,"fastq,run.zq,sra","gs,ncbi,s3","gs.us-east1,ncbi.public,s3.us-east-1",SRX5245621,CC62,uncalculated,uncalculated,Atlantic Ocean: Gulf of Mexico,Cryptopsaras couesii,Illumina MiSeq,skin,27.0174 N 87.9766 W,CC62.SKIN,PAIRED,PCR,GENOMIC,fish metagenome,ILLUMINA,2019-08-31T00:00:00Z,2019-01-13T16:31:00Z,1,MOCNESS,CC62.SKIN,SRP178885
SRR8438053,AMPLICON,501,14236181,PRJNA514914,SAMN10737220,Metagenome or environmental,8829776,NOVA SOUTHEASTERN UNIVERSITY,5/1/15,public,"fastq,run.zq,sra","gs,ncbi,s3","gs.us-east1,ncbi.public,s3.us-east-1",SRX5245620,DP02,uncalculated,uncalculated,Atlantic Ocean: Gulf of Mexico,Dolopichthys,Illumina MiSeq,skin,29.0480 N 87.9900 W,DP1,PAIRED,PCR,GENOMIC,fish metagenome,ILLUMINA,2019-08-31T00:00:00Z,2019-01-13T16:31:00Z,1,MOCNESS,DP1,SRP178885
SRR8438054,AMPLICON,501,1492479,PRJNA514914,SAMN10737183,Metagenome or environmental,1163740,NOVA SOUTHEASTERN UNIVERSITY,8/11/16,public,"fastq,run.zq,sra","gs,ncbi,s3","gs.us-east1,ncbi.public,s3.us-east-1",SRX5245619,ON69,uncalculated,uncalculated,Atlantic Ocean: Gulf of Mexico,Oneirodidae,Illumina MiSeq,Esca,26.8909 N 88.5132 W,ON69.ESCA,PAIRED,PCR,GENOMIC,fish metagenome,ILLUMINA,2019-08-31T00:00:00Z,2019-01-13T16:31:00Z,1,MOCNESS,ON69.ESCA,SRP178885
SRR8438055,AMPLICON,501,61894148,PRJNA514914,SAMN10737182,Metagenome or environmental,42519147,NOVA SOUTHEASTERN UNIVERSITY,8/9/16,public,"fastq,run.zq,sra","gs,ncbi,s3","gs.us-east1,ncbi.public,s3.us-east-1",SRX5245618,ON64,uncalculated,uncalculated,Atlantic Ocean: Gulf of Mexico,Oneirodidae,Illumina MiSeq,skin,27.0106 N 86.9837 W,ON64.SKIN,PAIRED,PCR,GENOMIC,fish metagenome,ILLUMINA,2019-08-31T00:00:00Z,2019-01-13T16:31:00Z,1,MOCNESS,ON64.SKIN,SRP178885
SRR8438056,AMPLICON,501,23453403,PRJNA514914,SAMN10737181,Metagenome or environmental,16082614,NOVA SOUTHEASTERN UNIVERSITY,8/9/16,public,"fastq,run.zq,sra","gs,ncbi,s3","gs.us-east1,ncbi.public,s3.us-east-1",SRX5245617,ON64,uncalculated,uncalculated,Atlantic Ocean: Gulf of Mexico,Oneirodidae,Illumina MiSeq,Esca,27.0106 N 86.9837 W,ON64.ESCA,PAIRED,PCR,GENOMIC,fish metagenome,ILLUMINA,2019-08-31T00:00:00Z,2019-01-13T16:31:00Z,1,MOCNESS,ON64.ESCA,SRP178885
SRR8438057,AMPLICON,501,42892789,PRJNA514914,SAMN10737180,Metagenome or environmental,29056144,NOVA SOUTHEASTERN UNIVERSITY,8/8/16,public,"fastq,run.zq,sra","gs,ncbi,s3","gs.us-east1,ncbi.public,s3.us-east-1",SRX5245616,ON62.2,uncalculated,uncalculated,Atlantic Ocean: Gulf of Mexico,Oneirodidae,Illumina MiSeq,skin,27.0174 N 87.9766 W,ON62.2.SKIN,PAIRED,PCR,GENOMIC,fish metagenome,ILLUMINA,2019-08-31T00:00:00Z,2019-01-13T16:31:00Z,1,MOCNESS,ON62.2.SKIN,SRP178885
SRR8438058,AMPLICON,501,40198785,PRJNA514914,SAMN10737179,Metagenome or environmental,27497630,NOVA SOUTHEASTERN UNIVERSITY,8/12/16,public,"fastq,run.zq,sra","gs,ncbi,s3","gs.us-east1,ncbi.public,s3.us-east-1",SRX5245615,CC71.N3,uncalculated,uncalculated,Atlantic Ocean: Gulf of Mexico,Cryptopsaras couesii,Illumina MiSeq,Caruncles,26.9319 N 89.4316 W,CC71.N3.CAR,PAIRED,PCR,GENOMIC,fish metagenome,ILLUMINA,2019-08-31T00:00:00Z,2019-01-13T16:31:00Z,1,MOCNESS,CC71.N3.CAR,SRP178885
SRR8438059,AMPLICON,501,24072620,PRJNA514914,SAMN10737178,Metagenome or environmental,16627500,NOVA SOUTHEASTERN UNIVERSITY,8/8/16,public,"fastq,run.zq,sra","gs,ncbi,s3","gs.us-east1,ncbi.public,s3.us-east-1",SRX5245614,ON62.2,uncalculated,uncalculated,Atlantic Ocean: Gulf of Mexico,Oneirodidae,Illumina MiSeq,Esca,27.0174 N 87.9766 W,ON62.2.ESCA,PAIRED,PCR,GENOMIC,fish metagenome,ILLUMINA,2019-08-31T00:00:00Z,2019-01-13T16:31:00Z,1,MOCNESS,ON62.2.ESCA,SRP178885
SRR8438060,AMPLICON,501,9287079,PRJNA514914,SAMN10737177,Metagenome or environmental,6805380,NOVA SOUTHEASTERN UNIVERSITY,8/12/16,public,"fastq,run.zq,sra","gs,ncbi,s3","gs.us-east1,ncbi.public,s3.us-east-1",SRX5245613,CC71.N0,uncalculated,uncalculated,Atlantic Ocean: Gulf of Mexico,Cryptopsaras couesii,Illumina MiSeq,Illicium,26.9319 N 89.4316 W,CC71.N0.ILLICIUM,PAIRED,PCR,GENOMIC,fish metagenome,ILLUMINA,2019-08-31T00:00:00Z,2019-01-13T16:31:00Z,1,MOCNESS,CC71.N0.ILLICIUM,SRP178885
SRR8438061,AMPLICON,500,35267758,PRJNA514914,SAMN10737176,Metagenome or environmental,24246808,NOVA SOUTHEASTERN UNIVERSITY,8/8/16,public,"fastq,run.zq,sra","gs,ncbi,s3","gs.us-east1,ncbi.public,s3.us-east-1",SRX5245612,ON62.1,uncalculated,uncalculated,Atlantic Ocean: Gulf of Mexico,Oneirodidae,Illumina MiSeq,skin,27.0174 N 87.9766 W,ON62.1.SKIN,PAIRED,PCR,GENOMIC,fish metagenome,ILLUMINA,2019-08-31T00:00:00Z,2019-01-13T16:31:00Z,1,MOCNESS,ON62.1.SKIN,SRP178885
SRR8438062,AMPLICON,501,18221368,PRJNA514914,SAMN10737185,Metagenome or environmental,13312296,NOVA SOUTHEASTERN UNIVERSITY,8/11/16,public,"fastq,run.zq,sra","gs,ncbi,s3","gs.us-east1,ncbi.public,s3.us-east-1",SRX5245611,ON69,uncalculated,uncalculated,Atlantic Ocean: Gulf of Mexico,Oneirodidae,Illumina MiSeq,Guts,26.8909 N 88.5132 W,ON69.GUT,PAIRED,PCR,GENOMIC,fish metagenome,ILLUMINA,2019-08-31T00:00:00Z,2019-01-13T16:31:00Z,1,MOCNESS,ON69.GUT,SRP178885
SRR8438063,AMPLICON,501,38822307,PRJNA514914,SAMN10737184,Metagenome or environmental,25963949,NOVA SOUTHEASTERN UNIVERSITY,8/12/16,public,"fastq,run.zq,sra","gs,ncbi,s3","gs.us-east1,ncbi.public,s3.us-east-1",SRX5245610,CC71.N3,uncalculated,uncalculated,Atlantic Ocean: Gulf of Mexico,Cryptopsaras couesii,Illumina MiSeq,Illicium,26.9319 N 89.4316 W,CC71.N3.ILL,PAIRED,PCR,GENOMIC,fish metagenome,ILLUMINA,2019-08-31T00:00:00Z,2019-01-13T16:31:00Z,1,MOCNESS,CC71.N3.ILL,SRP178885
SRR8438064,AMPLICON,501,28534857,PRJNA514914,SAMN10737186,Metagenome or environmental,20540482,NOVA SOUTHEASTERN UNIVERSITY,8/11/16,public,"fastq,run.zq,sra","gs,ncbi,s3","gs.us-east1,ncbi.public,s3.us-east-1",SRX5245609,ON69,uncalculated,uncalculated,Atlantic Ocean: Gulf of Mexico,Oneirodidae,Illumina MiSeq,skin,26.8909 N 88.5132 W,ON69.SKIN,PAIRED,PCR,GENOMIC,fish metagenome,ILLUMINA,2019-08-31T00:00:00Z,2019-01-13T16:31:00Z,1,MOCNESS,ON69.SKIN,SRP178885
SRR8438065,AMPLICON,501,54389676,PRJNA514914,SAMN10737187,Metagenome or environmental,38525419,NOVA SOUTHEASTERN UNIVERSITY,8/12/16,public,"fastq,run.zq,sra","gs,ncbi,s3","gs.us-east1,ncbi.public,s3.us-east-1",SRX5245608,CC70,uncalculated,uncalculated,Atlantic Ocean: Gulf of Mexico,Cryptopsaras couesii,Illumina MiSeq,fin,26.9899 N 89.4684 W,CC70.FIN,PAIRED,PCR,GENOMIC,fish metagenome,ILLUMINA,2019-08-31T00:00:00Z,2019-01-13T16:31:00Z,1,MOCNESS,CC70.FIN,SRP178885
SRR8438066,AMPLICON,501,66554564,PRJNA514914,SAMN10737188,Metagenome or environmental,47120726,NOVA SOUTHEASTERN UNIVERSITY,8/12/16,public,"fastq,run.zq,sra","gs,ncbi,s3","gs.us-east1,ncbi.public,s3.us-east-1",SRX5245607,CC70,uncalculated,uncalculated,Atlantic Ocean: Gulf of Mexico,Cryptopsaras couesii,Illumina MiSeq,gills,26.9899 N 89.4684 W,CC70.GILL,PAIRED,PCR,GENOMIC,fish metagenome,ILLUMINA,2019-08-31T00:00:00Z,2019-01-13T16:31:00Z,1,MOCNESS,CC70.GILL,SRP178885
SRR8438067,AMPLICON,501,16062738,PRJNA514914,SAMN10737189,Metagenome or environmental,11529125,NOVA SOUTHEASTERN UNIVERSITY,8/12/16,public,"fastq,run.zq,sra","gs,ncbi,s3","gs.us-east1,ncbi.public,s3.us-east-1",SRX5245606,CC70,uncalculated,uncalculated,Atlantic Ocean: Gulf of Mexico,Cryptopsaras couesii,Illumina MiSeq,Guts,26.9899 N 89.4684 W,CC70.GUT,PAIRED,PCR,GENOMIC,fish metagenome,ILLUMINA,2019-08-31T00:00:00Z,2019-01-13T16:31:00Z,1,MOCNESS,CC70.GUT,SRP178885
SRR8438068,AMPLICON,501,4887370,PRJNA514914,SAMN10737190,Metagenome or environmental,3577220,NOVA SOUTHEASTERN UNIVERSITY,8/14/16,public,"fastq,run.zq,sra","gs,ncbi,s3","gs.us-east1,ncbi.public,s3.us-east-1",SRX5245605,CC73,uncalculated,uncalculated,Atlantic Ocean: Gulf of Mexico,Cryptopsaras couesii,Illumina MiSeq,Illicium,27.5194 N 88.9960 W,CC73.ILLICIUM,PAIRED,PCR,GENOMIC,fish metagenome,ILLUMINA,2019-08-31T00:00:00Z,2019-01-13T16:31:00Z,1,MOCNESS,CC73.ILLICIUM,SRP178885
SRR8438069,AMPLICON,500,13243434,PRJNA514914,SAMN10737219,Metagenome or environmental,7330141,NOVA SOUTHEASTERN UNIVERSITY,5/1/15,public,"fastq,run.zq,sra","gs,ncbi,s3","gs.us-east1,ncbi.public,s3.us-east-1",SRX5245604,DP02,uncalculated,uncalculated,Atlantic Ocean: Gulf of Mexico,Dolopichthys,Illumina MiSeq,Esca,29.0480 N 87.9900 W,DP02,PAIRED,PCR,GENOMIC,fish metagenome,ILLUMINA,2019-08-31T00:00:00Z,2019-01-13T16:31:00Z,1,MOCNESS,DP02,SRP178885
SRR8438070,AMPLICON,501,42433407,PRJNA514914,SAMN10737191,Metagenome or environmental,30264986,NOVA SOUTHEASTERN UNIVERSITY,8/12/16,public,"fastq,run.zq,sra","gs,ncbi,s3","gs.us-east1,ncbi.public,s3.us-east-1",SRX5245601,CC70,uncalculated,uncalculated,Atlantic Ocean: Gulf of Mexico,Cryptopsaras couesii,Illumina MiSeq,skin,26.9899 N 89.4684 W,CC70.SKIN,PAIRED,PCR,GENOMIC,fish metagenome,ILLUMINA,2019-08-31T00:00:00Z,2019-01-13T16:31:00Z,1,MOCNESS,CC70.SKIN,SRP178885
SRR8438071,AMPLICON,501,49829168,PRJNA514914,SAMN10737218,Metagenome or environmental,33373395,NOVA SOUTHEASTERN UNIVERSITY,5/10/16,public,"fastq,run.zq,sra","gs,ncbi,s3","gs.us-east1,ncbi.public,s3.us-east-1",SRX5245603,CU51,uncalculated,uncalculated,Atlantic Ocean: Gulf of Mexico,Ceratias uranoscopus,Illumina MiSeq,Esca,28.4987 N 87.5464 W,CU51,PAIRED,PCR,GENOMIC,fish metagenome,ILLUMINA,2019-08-31T00:00:00Z,2019-01-13T16:31:00Z,1,MOCNESS,CU51,SRP178885
SRR8438072,AMPLICON,501,66829553,PRJNA514914,SAMN10737217,Metagenome or environmental,44964254,NOVA SOUTHEASTERN UNIVERSITY,5/6/16,public,"fastq,run.zq,sra","gs,ncbi,s3","gs.us-east1,ncbi.public,s3.us-east-1",SRX5245602,CU44,uncalculated,uncalculated,Atlantic Ocean: Gulf of Mexico,Ceratias uranoscopus,Illumina MiSeq,Illicium,27.4912 N 86.9618 W,CU44.ILL,PAIRED,PCR,GENOMIC,fish metagenome,ILLUMINA,2019-08-31T00:00:00Z,2019-01-13T16:31:00Z,1,MOCNESS,CU44.ILL,SRP178885
SRR8438073,AMPLICON,501,41586578,PRJNA514914,SAMN10737223,Metagenome or environmental,27428610,NOVA SOUTHEASTERN UNIVERSITY,8/15/16,public,"fastq,run.zq,sra","gs,ncbi,s3","gs.us-east1,ncbi.public,s3.us-east-1",SRX5245632,ON76,uncalculated,uncalculated,Atlantic Ocean: Gulf of Mexico,Oneirodidae,Illumina MiSeq,gills,27.4932 N 87.9728 W,ON76.GILLS,PAIRED,PCR,GENOMIC,fish metagenome,ILLUMINA,2019-08-31T00:00:00Z,2019-01-13T16:31:00Z,1,MOCNESS,ON76.GILLS,SRP178885
SRR8438074,AMPLICON,501,53587894,PRJNA514914,SAMN10737192,Metagenome or environmental,38754627,NOVA SOUTHEASTERN UNIVERSITY,8/17/16,public,"fastq,run.zq,sra","gs,ncbi,s3","gs.us-east1,ncbi.public,s3.us-east-1",SRX5245600,CC79.1,uncalculated,uncalculated,Atlantic Ocean: Gulf of Mexico,Cryptopsaras couesii,Illumina MiSeq,Caruncles,28.5154 N 87.5308 W,CC79.1.C,PAIRED,PCR,GENOMIC,fish metagenome,ILLUMINA,2019-08-31T00:00:00Z,2019-01-13T16:31:00Z,1,MOCNESS,CC79.1.C,SRP178885
SRR8438075,AMPLICON,501,6281597,PRJNA514914,SAMN10737193,Metagenome or environmental,4631268,NOVA SOUTHEASTERN UNIVERSITY,8/12/16,public,"fastq,run.zq,sra","gs,ncbi,s3","gs.us-east1,ncbi.public,s3.us-east-1",SRX5245599,CC71.N0,uncalculated,uncalculated,Atlantic Ocean: Gulf of Mexico,Cryptopsaras couesii,Illumina MiSeq,Esca,26.9319 N 89.4316 W,CC71.N0.ESCA,PAIRED,PCR,GENOMIC,fish metagenome,ILLUMINA,2019-08-31T00:00:00Z,2019-01-13T16:31:00Z,1,MOCNESS,CC71.N0.ESCA,SRP178885
SRR8438076,AMPLICON,501,34126731,PRJNA514914,SAMN10737194,Metagenome or environmental,24175842,NOVA SOUTHEASTERN UNIVERSITY,8/12/16,public,"fastq,run.zq,sra","gs,ncbi,s3","gs.us-east1,ncbi.public,s3.us-east-1",SRX5245598,CC71.N0,uncalculated,uncalculated,Atlantic Ocean: Gulf of Mexico,Cryptopsaras couesii,Illumina MiSeq,fin,26.9319 N 89.4316 W,CC71.N0.FIN,PAIRED,PCR,GENOMIC,fish metagenome,ILLUMINA,2019-08-31T00:00:00Z,2019-01-13T16:31:00Z,1,MOCNESS,CC71.N0.FIN,SRP178885
SRR8438077,AMPLICON,501,40538238,PRJNA514914,SAMN10737195,Metagenome or environmental,29350145,NOVA SOUTHEASTERN UNIVERSITY,8/12/16,public,"fastq,run.zq,sra","gs,ncbi,s3","gs.us-east1,ncbi.public,s3.us-east-1",SRX5245597,CC71.N0,uncalculated,uncalculated,Atlantic Ocean: Gulf of Mexico,Cryptopsaras couesii,Illumina MiSeq,gills,26.9319 N 89.4316 W,CC71.N0.GILL,PAIRED,PCR,GENOMIC,fish metagenome,ILLUMINA,2019-08-31T00:00:00Z,2019-01-13T16:31:00Z,1,MOCNESS,CC71.N0.GILL,SRP178885
SRR8438078,AMPLICON,501,43090905,PRJNA514914,SAMN10737205,Metagenome or environmental,31110028,NOVA SOUTHEASTERN UNIVERSITY,8/14/16,public,"fastq,run.zq,sra","gs,ncbi,s3","gs.us-east1,ncbi.public,s3.us-east-1",SRX5245596,CC73,uncalculated,uncalculated,Atlantic Ocean: Gulf of Mexico,Cryptopsaras couesii,Illumina MiSeq,Esca,27.5194 N 88.9960 W,CC73.ESCA,PAIRED,PCR,GENOMIC,fish metagenome,ILLUMINA,2019-08-31T00:00:00Z,2019-01-13T16:31:00Z,1,MOCNESS,CC73.ESCA,SRP178885
SRR8438079,AMPLICON,501,46284179,PRJNA514914,SAMN10737204,Metagenome or environmental,31058153,NOVA SOUTHEASTERN UNIVERSITY,8/12/16,public,"fastq,run.zq,sra","gs,ncbi,s3","gs.us-east1,ncbi.public,s3.us-east-1",SRX5245595,CC71.N3,uncalculated,uncalculated,Atlantic Ocean: Gulf of Mexico,Cryptopsaras couesii,Illumina MiSeq,skin,26.9319 N 89.4316 W,CC71.N3.SKIN,PAIRED,PCR,GENOMIC,fish metagenome,ILLUMINA,2019-08-31T00:00:00Z,2019-01-13T16:31:00Z,1,MOCNESS,CC71.N3.SKIN,SRP178885
SRR8438080,AMPLICON,501,50706354,PRJNA514914,SAMN10737201,Metagenome or environmental,34042493,NOVA SOUTHEASTERN UNIVERSITY,8/12/16,public,"fastq,run.zq,sra","gs,ncbi,s3","gs.us-east1,ncbi.public,s3.us-east-1",SRX5245594,CC71.N3,uncalculated,uncalculated,Atlantic Ocean: Gulf of Mexico,Cryptopsaras couesii,Illumina MiSeq,fin,26.9319 N 89.4316 W,CC71.N3.FIN,PAIRED,PCR,GENOMIC,fish metagenome,ILLUMINA,2019-08-31T00:00:00Z,2019-01-13T16:31:00Z,1,MOCNESS,CC71.N3.FIN,SRP178885
SRR8438081,AMPLICON,501,56056525,PRJNA514914,SAMN10737200,Metagenome or environmental,38205832,NOVA SOUTHEASTERN UNIVERSITY,8/12/16,public,"fastq,run.zq,sra","gs,ncbi,s3","gs.us-east1,ncbi.public,s3.us-east-1",SRX5245593,CC71.N3,uncalculated,uncalculated,Atlantic Ocean: Gulf of Mexico,Cryptopsaras couesii,Illumina MiSeq,Esca,26.9319 N 89.4316 W,CC71.N3.ESCA,PAIRED,PCR,GENOMIC,fish metagenome,ILLUMINA,2019-08-31T00:00:00Z,2019-01-13T16:31:00Z,1,MOCNESS,CC71.N3.ESCA,SRP178885
SRR8438082,AMPLICON,501,59994278,PRJNA514914,SAMN10737203,Metagenome or environmental,40112009,NOVA SOUTHEASTERN UNIVERSITY,8/12/16,public,"fastq,run.zq,sra","gs,ncbi,s3","gs.us-east1,ncbi.public,s3.us-east-1",SRX5245592,CC71.N3,uncalculated,uncalculated,Atlantic Ocean: Gulf of Mexico,Cryptopsaras couesii,Illumina MiSeq,Guts,26.9319 N 89.4316 W,CC71.N3.GUT,PAIRED,PCR,GENOMIC,fish metagenome,ILLUMINA,2019-08-31T00:00:00Z,2019-01-13T16:31:00Z,1,MOCNESS,CC71.N3.GUT,SRP178885
SRR8438083,AMPLICON,501,60827162,PRJNA514914,SAMN10737202,Metagenome or environmental,39994662,NOVA SOUTHEASTERN UNIVERSITY,8/12/16,public,"fastq,run.zq,sra","gs,ncbi,s3","gs.us-east1,ncbi.public,s3.us-east-1",SRX5245591,CC71.N3,uncalculated,uncalculated,Atlantic Ocean: Gulf of Mexico,Cryptopsaras couesii,Illumina MiSeq,gills,26.9319 N 89.4316 W,CC71.N3.GILL,PAIRED,PCR,GENOMIC,fish metagenome,ILLUMINA,2019-08-31T00:00:00Z,2019-01-13T16:31:00Z,1,MOCNESS,CC71.N3.GILL,SRP178885
SRR8438084,AMPLICON,501,16117260,PRJNA514914,SAMN10737197,Metagenome or environmental,11728813,NOVA SOUTHEASTERN UNIVERSITY,8/17/16,public,"fastq,run.zq,sra","gs,ncbi,s3","gs.us-east1,ncbi.public,s3.us-east-1",SRX5245590,CC79.1,uncalculated,uncalculated,Atlantic Ocean: Gulf of Mexico,Cryptopsaras couesii,Illumina MiSeq,Illicium,28.5154 N 87.5308 W,CC79.1.I,PAIRED,PCR,GENOMIC,fish metagenome,ILLUMINA,2019-08-31T00:00:00Z,2019-01-13T16:31:00Z,1,MOCNESS,CC79.1.I,SRP178885
SRR8438085,AMPLICON,501,21638106,PRJNA514914,SAMN10737196,Metagenome or environmental,15785108,NOVA SOUTHEASTERN UNIVERSITY,8/12/16,public,"fastq,run.zq,sra","gs,ncbi,s3","gs.us-east1,ncbi.public,s3.us-east-1",SRX5245589,CC71.N0,uncalculated,uncalculated,Atlantic Ocean: Gulf of Mexico,Cryptopsaras couesii,Illumina MiSeq,Guts,26.9319 N 89.4316 W,CC71.N0.GUT,PAIRED,PCR,GENOMIC,fish metagenome,ILLUMINA,2019-08-31T00:00:00Z,2019-01-13T16:31:00Z,1,MOCNESS,CC71.N0.GUT,SRP178885
SRR8438086,AMPLICON,501,16531935,PRJNA514914,SAMN10737199,Metagenome or environmental,12052453,NOVA SOUTHEASTERN UNIVERSITY,8/17/16,public,"fastq,run.zq,sra","gs,ncbi,s3","gs.us-east1,ncbi.public,s3.us-east-1",SRX5245588,CC79.2,uncalculated,uncalculated,Atlantic Ocean: Gulf of Mexico,Cryptopsaras couesii,Illumina MiSeq,Caruncles,28.5154 N 87.5308 W,CC79.2.C,PAIRED,PCR,GENOMIC,fish metagenome,ILLUMINA,2019-08-31T00:00:00Z,2019-01-13T16:31:00Z,1,MOCNESS,CC79.2.C,SRP178885
SRR8438087,AMPLICON,501,48903560,PRJNA514914,SAMN10737198,Metagenome or environmental,34969981,NOVA SOUTHEASTERN UNIVERSITY,8/12/16,public,"fastq,run.zq,sra","gs,ncbi,s3","gs.us-east1,ncbi.public,s3.us-east-1",SRX5245587,CC71.N0,uncalculated,uncalculated,Atlantic Ocean: Gulf of Mexico,Cryptopsaras couesii,Illumina MiSeq,skin,26.9319 N 89.4316 W,CC71.N0.SKIN,PAIRED,PCR,GENOMIC,fish metagenome,ILLUMINA,2019-08-31T00:00:00Z,2019-01-13T16:31:00Z,1,MOCNESS,CC71.N0.SKIN,SRP178885
SRR8438088,AMPLICON,501,49178839,PRJNA514914,SAMN10737250,Metagenome or environmental,32649904,NOVA SOUTHEASTERN UNIVERSITY,8/18/16,public,"fastq,run.zq,sra","gs,ncbi,s3","gs.us-east1,ncbi.public,s3.us-east-1",SRX5245586,CC81,uncalculated,uncalculated,Atlantic Ocean: Gulf of Mexico,Cryptopsaras couesii,Illumina MiSeq,fin,29.0161 N 87.5542 W,CC81.FIN,PAIRED,PCR,GENOMIC,fish metagenome,ILLUMINA,2019-08-31T00:00:00Z,2019-01-13T16:31:00Z,1,MOCNESS,CC81.FIN,SRP178885
SRR8438089,AMPLICON,501,40855694,PRJNA514914,SAMN10737251,Metagenome or environmental,27531505,NOVA SOUTHEASTERN UNIVERSITY,8/18/16,public,"fastq,run.zq,sra","gs,ncbi,s3","gs.us-east1,ncbi.public,s3.us-east-1",SRX5245585,CC81,uncalculated,uncalculated,Atlantic Ocean: Gulf of Mexico,Cryptopsaras couesii,Illumina MiSeq,Guts,29.0161 N 87.5542 W,CC81.GUT,PAIRED,PCR,GENOMIC,fish metagenome,ILLUMINA,2019-08-31T00:00:00Z,2019-01-13T16:31:00Z,1,MOCNESS,CC81.GUT,SRP178885
SRR8438090,AMPLICON,501,38830578,PRJNA514914,SAMN10737252,Metagenome or environmental,25902211,NOVA SOUTHEASTERN UNIVERSITY,8/18/16,public,"fastq,run.zq,sra","gs,ncbi,s3","gs.us-east1,ncbi.public,s3.us-east-1",SRX5245584,CC81,uncalculated,uncalculated,Atlantic Ocean: Gulf of Mexico,Cryptopsaras couesii,Illumina MiSeq,skin,29.0161 N 87.5542 W,CC81.SKIN,PAIRED,PCR,GENOMIC,fish metagenome,ILLUMINA,2019-08-31T00:00:00Z,2019-01-13T16:31:00Z,1,MOCNESS,CC81.SKIN,SRP178885
SRR8438091,AMPLICON,501,41682832,PRJNA514914,SAMN10737216,Metagenome or environmental,27878803,NOVA SOUTHEASTERN UNIVERSITY,5/6/16,public,"fastq,run.zq,sra","gs,ncbi,s3","gs.us-east1,ncbi.public,s3.us-east-1",SRX5245583,CU44,uncalculated,uncalculated,Atlantic Ocean: Gulf of Mexico,Ceratias uranoscopus,Illumina MiSeq,Esca,27.4912 N 86.9618 W,CU44.ESCA,PAIRED,PCR,GENOMIC,fish metagenome,ILLUMINA,2019-08-31T00:00:00Z,2019-01-13T16:31:00Z,1,MOCNESS,CU44.ESCA,SRP178885
SRR8438092,AMPLICON,501,43300297,PRJNA514914,SAMN10737246,Metagenome or environmental,30696466,NOVA SOUTHEASTERN UNIVERSITY,8/17/16,public,"fastq,run.zq,sra","gs,ncbi,s3","gs.us-east1,ncbi.public,s3.us-east-1",SRX5245582,CC79.2,uncalculated,uncalculated,Atlantic Ocean: Gulf of Mexico,Cryptopsaras couesii,Illumina MiSeq,skin,28.5154 N 87.5308 W,CC79.2.S,PAIRED,PCR,GENOMIC,fish metagenome,ILLUMINA,2019-08-31T00:00:00Z,2019-01-13T16:31:00Z,1,MOCNESS,CC79.2.S,SRP178885
SRR8438093,AMPLICON,501,4974460,PRJNA514914,SAMN10737247,Metagenome or environmental,3412001,NOVA SOUTHEASTERN UNIVERSITY,8/17/16,public,"fastq,run.zq,sra","gs,ncbi,s3","gs.us-east1,ncbi.public,s3.us-east-1",SRX5245581,CC80,uncalculated,uncalculated,Atlantic Ocean: Gulf of Mexico,Cryptopsaras couesii,Illumina MiSeq,Esca,28.5272 N 87.4973 W,CC80.ESCA,PAIRED,PCR,GENOMIC,fish metagenome,ILLUMINA,2019-08-31T00:00:00Z,2019-01-13T16:31:00Z,1,MOCNESS,CC80.ESCA,SRP178885
SRR8438094,AMPLICON,501,44366978,PRJNA514914,SAMN10737248,Metagenome or environmental,30300564,NOVA SOUTHEASTERN UNIVERSITY,8/18/16,public,"fastq,run.zq,sra","gs,ncbi,s3","gs.us-east1,ncbi.public,s3.us-east-1",SRX5245580,CC81,uncalculated,uncalculated,Atlantic Ocean: Gulf of Mexico,Cryptopsaras couesii,Illumina MiSeq,Esca,29.0161 N 87.5542 W,CC81.ESCA,PAIRED,PCR,GENOMIC,fish metagenome,ILLUMINA,2019-08-31T00:00:00Z,2019-01-13T16:31:00Z,1,MOCNESS,CC81.ESCA,SRP178885
SRR8438095,AMPLICON,501,44621667,PRJNA514914,SAMN10737249,Metagenome or environmental,29699544,NOVA SOUTHEASTERN UNIVERSITY,8/18/16,public,"fastq,run.zq,sra","gs,ncbi,s3","gs.us-east1,ncbi.public,s3.us-east-1",SRX5245579,CC81,uncalculated,uncalculated,Atlantic Ocean: Gulf of Mexico,Cryptopsaras couesii,Illumina MiSeq,gills,29.0161 N 87.5542 W,CC81.FILL,PAIRED,PCR,GENOMIC,fish metagenome,ILLUMINA,2019-08-31T00:00:00Z,2019-01-13T16:31:00Z,1,MOCNESS,CC81.FILL,SRP178885
SRR8438096,AMPLICON,501,17763637,PRJNA514914,SAMN10737225,Metagenome or environmental,12296968,NOVA SOUTHEASTERN UNIVERSITY,8/15/16,public,"fastq,run.zq,sra","gs,ncbi,s3","gs.us-east1,ncbi.public,s3.us-east-1",SRX5245578,ON76,uncalculated,uncalculated,Atlantic Ocean: Gulf of Mexico,Oneirodidae,Illumina MiSeq,skin,27.4932 N 87.9728 W,ON76.SKIN,PAIRED,PCR,GENOMIC,fish metagenome,ILLUMINA,2019-08-31T00:00:00Z,2019-01-13T16:31:00Z,1,MOCNESS,ON76.SKIN,SRP178885
SRR8438097,AMPLICON,501,16011354,PRJNA514914,SAMN10737224,Metagenome or environmental,11581629,NOVA SOUTHEASTERN UNIVERSITY,8/15/16,public,"fastq,run.zq,sra","gs,ncbi,s3","gs.us-east1,ncbi.public,s3.us-east-1",SRX5245577,ON76,uncalculated,uncalculated,Atlantic Ocean: Gulf of Mexico,Oneirodidae,Illumina MiSeq,Guts,27.4932 N 87.9728 W,ON76.GUT,PAIRED,PCR,GENOMIC,fish metagenome,ILLUMINA,2019-08-31T00:00:00Z,2019-01-13T16:31:00Z,1,MOCNESS,ON76.GUT,SRP178885
SRR8438098,AMPLICON,501,34999337,PRJNA514914,SAMN10737214,Metagenome or environmental,24759642,NOVA SOUTHEASTERN UNIVERSITY,8/7/16,public,"fastq,run.zq,sra","gs,ncbi,s3","gs.us-east1,ncbi.public,s3.us-east-1",SRX5245576,CS60,uncalculated,uncalculated,Atlantic Ocean: Gulf of Mexico,Centrophryne spinulosa,Illumina MiSeq,Illicium,26.9744 N 88.9683 W,CS60.ILLICIUM,PAIRED,PCR,GENOMIC,fish metagenome,ILLUMINA,2019-08-31T00:00:00Z,2019-01-13T16:31:00Z,1,MOCNESS,CS60.ILLICIUM,SRP178885
SRR8438099,AMPLICON,501,63458067,PRJNA514914,SAMN10737215,Metagenome or environmental,41219634,NOVA SOUTHEASTERN UNIVERSITY,8/15/16,public,"fastq,run.zq,sra","gs,ncbi,s3","gs.us-east1,ncbi.public,s3.us-east-1",SRX5245575,CSp75,uncalculated,uncalculated,Atlantic Ocean: Gulf of Mexico,Ceratias,Illumina MiSeq,Caruncles,27.5202 N 87.9814 W,CSp75.CAR,PAIRED,PCR,GENOMIC,fish metagenome,ILLUMINA,2019-08-31T00:00:00Z,2019-01-13T16:31:00Z,1,MOCNESS,CSp75.CAR,SRP178885
SRR8438100,AMPLICON,501,53517273,PRJNA514914,SAMN10737212,Metagenome or environmental,35391556,NOVA SOUTHEASTERN UNIVERSITY,8/15/16,public,"fastq,run.zq,sra","gs,ncbi,s3","gs.us-east1,ncbi.public,s3.us-east-1",SRX5245574,ON76,uncalculated,uncalculated,Atlantic Ocean: Gulf of Mexico,Oneirodidae,Illumina MiSeq,Esca,27.4932 N 87.9728 W,ON76.ESCA,PAIRED,PCR,GENOMIC,fish metagenome,ILLUMINA,2019-08-31T00:00:00Z,2019-01-13T16:31:00Z,1,MOCNESS,ON76.ESCA,SRP178885
SRR8438101,AMPLICON,501,50569998,PRJNA514914,SAMN10737213,Metagenome or environmental,33179484,NOVA SOUTHEASTERN UNIVERSITY,8/15/16,public,"fastq,run.zq,sra","gs,ncbi,s3","gs.us-east1,ncbi.public,s3.us-east-1",SRX5245573,ON76,uncalculated,uncalculated,Atlantic Ocean: Gulf of Mexico,Oneirodidae,Illumina MiSeq,fin,27.4932 N 87.9728 W,ON76.FIN,PAIRED,PCR,GENOMIC,fish metagenome,ILLUMINA,2019-08-31T00:00:00Z,2019-01-13T16:31:00Z,1,MOCNESS,ON76.FIN,SRP178885
SRR8438102,AMPLICON,501,49152893,PRJNA514914,SAMN10737210,Metagenome or environmental,34987979,NOVA SOUTHEASTERN UNIVERSITY,8/14/16,public,"fastq,run.zq,sra","gs,ncbi,s3","gs.us-east1,ncbi.public,s3.us-east-1",SRX5245572,CC73,uncalculated,uncalculated,Atlantic Ocean: Gulf of Mexico,Cryptopsaras couesii,Illumina MiSeq,skin,27.5194 N 88.9960 W,CC73.SKIN,PAIRED,PCR,GENOMIC,fish metagenome,ILLUMINA,2019-08-31T00:00:00Z,2019-01-13T16:31:00Z,1,MOCNESS,CC73.SKIN,SRP178885
SRR8438103,AMPLICON,501,48449204,PRJNA514914,SAMN10737211,Metagenome or environmental,32678812,NOVA SOUTHEASTERN UNIVERSITY,8/18/16,public,"fastq,run.zq,sra","gs,ncbi,s3","gs.us-east1,ncbi.public,s3.us-east-1",SRX5245571,CC81,uncalculated,uncalculated,Atlantic Ocean: Gulf of Mexico,Cryptopsaras couesii,Illumina MiSeq,Illicium,29.0161 N 87.5542 W,CC81.ILL,PAIRED,PCR,GENOMIC,fish metagenome,ILLUMINA,2019-08-31T00:00:00Z,2019-01-13T16:31:00Z,1,MOCNESS,CC81.ILL,SRP178885
SRR8438104,AMPLICON,501,12626489,PRJNA514914,SAMN10737208,Metagenome or environmental,9184332,NOVA SOUTHEASTERN UNIVERSITY,8/14/16,public,"fastq,run.zq,sra","gs,ncbi,s3","gs.us-east1,ncbi.public,s3.us-east-1",SRX5245570,CC73,uncalculated,uncalculated,Atlantic Ocean: Gulf of Mexico,Cryptopsaras couesii,Illumina MiSeq,gills,27.5194 N 88.9960 W,CC73.GILL,PAIRED,PCR,GENOMIC,fish metagenome,ILLUMINA,2019-08-31T00:00:00Z,2019-01-13T16:31:00Z,1,MOCNESS,CC73.GILL,SRP178885
SRR8438105,AMPLICON,501,14451886,PRJNA514914,SAMN10737209,Metagenome or environmental,10553491,NOVA SOUTHEASTERN UNIVERSITY,8/14/16,public,"fastq,run.zq,sra","gs,ncbi,s3","gs.us-east1,ncbi.public,s3.us-east-1",SRX5245569,CC73,uncalculated,uncalculated,Atlantic Ocean: Gulf of Mexico,Cryptopsaras couesii,Illumina MiSeq,Guts,27.5194 N 88.9960 W,CC73.GUT,PAIRED,PCR,GENOMIC,fish metagenome,ILLUMINA,2019-08-31T00:00:00Z,2019-01-13T16:31:00Z,1,MOCNESS,CC73.GUT,SRP178885
SRR8438106,AMPLICON,501,54461842,PRJNA514914,SAMN10737206,Metagenome or environmental,36885482,NOVA SOUTHEASTERN UNIVERSITY,8/18/16,public,"fastq,run.zq,sra","gs,ncbi,s3","gs.us-east1,ncbi.public,s3.us-east-1",SRX5245568,CC81,uncalculated,uncalculated,Atlantic Ocean: Gulf of Mexico,Cryptopsaras couesii,Illumina MiSeq,Caruncles,29.0161 N 87.5542 W,CC81.CAR,PAIRED,PCR,GENOMIC,fish metagenome,ILLUMINA,2019-08-31T00:00:00Z,2019-01-13T16:31:00Z,1,MOCNESS,CC81.CAR,SRP178885
SRR8438107,AMPLICON,501,44423208,PRJNA514914,SAMN10737207,Metagenome or environmental,31574817,NOVA SOUTHEASTERN UNIVERSITY,8/14/16,public,"fastq,run.zq,sra","gs,ncbi,s3","gs.us-east1,ncbi.public,s3.us-east-1",SRX5245567,CC73,uncalculated,uncalculated,Atlantic Ocean: Gulf of Mexico,Cryptopsaras couesii,Illumina MiSeq,fin,27.5194 N 88.9960 W,CC73.FIN,PAIRED,PCR,GENOMIC,fish metagenome,ILLUMINA,2019-08-31T00:00:00Z,2019-01-13T16:31:00Z,1,MOCNESS,CC73.FIN,SRP178885
SRR8438108,AMPLICON,501,39464971,PRJNA514914,SAMN10737239,Metagenome or environmental,28670215,NOVA SOUTHEASTERN UNIVERSITY,8/17/16,public,"fastq,run.zq,sra","gs,ncbi,s3","gs.us-east1,ncbi.public,s3.us-east-1",SRX5245566,CC79.1,uncalculated,uncalculated,Atlantic Ocean: Gulf of Mexico,Cryptopsaras couesii,Illumina MiSeq,Guts,28.5154 N 87.5308 W,CC79.1.G,PAIRED,PCR,GENOMIC,fish metagenome,ILLUMINA,2019-08-31T00:00:00Z,2019-01-13T16:31:00Z,1,MOCNESS,CC79.1.G,SRP178885
SRR8438109,AMPLICON,501,47273564,PRJNA514914,SAMN10737238,Metagenome or environmental,33676698,NOVA SOUTHEASTERN UNIVERSITY,8/17/16,public,"fastq,run.zq,sra","gs,ncbi,s3","gs.us-east1,ncbi.public,s3.us-east-1",SRX5245565,CC79.1,uncalculated,uncalculated,Atlantic Ocean: Gulf of Mexico,Cryptopsaras couesii,Illumina MiSeq,fin,28.5154 N 87.5308 W,CC79.1.F,PAIRED,PCR,GENOMIC,fish metagenome,ILLUMINA,2019-08-31T00:00:00Z,2019-01-13T16:31:00Z,1,MOCNESS,CC79.1.F,SRP178885
SRR8438110,AMPLICON,501,29330238,PRJNA514914,SAMN10737237,Metagenome or environmental,20244493,NOVA SOUTHEASTERN UNIVERSITY,5/12/16,public,"fastq,run.zq,sra","gs,ncbi,s3","gs.us-east1,ncbi.public,s3.us-east-1",SRX5245564,MM54,uncalculated,uncalculated,Atlantic Ocean: Gulf of Mexico,Melanocetus murrayi,Illumina MiSeq,Illicium,28.5050 N 88.0134 W,MM54.ILLICIUM,PAIRED,PCR,GENOMIC,fish metagenome,ILLUMINA,2019-08-31T00:00:00Z,2019-01-13T16:31:00Z,1,MOCNESS,MM54.ILLICIUM,SRP178885
SRR8438111,AMPLICON,500,38856993,PRJNA514914,SAMN10737236,Metagenome or environmental,26648155,NOVA SOUTHEASTERN UNIVERSITY,5/12/16,public,"fastq,run.zq,sra","gs,ncbi,s3","gs.us-east1,ncbi.public,s3.us-east-1",SRX5245563,MM54,uncalculated,uncalculated,Atlantic Ocean: Gulf of Mexico,Melanocetus murrayi,Illumina MiSeq,Esca,28.5050 N 88.0134 W,MM54.ESCA,PAIRED,PCR,GENOMIC,fish metagenome,ILLUMINA,2019-08-31T00:00:00Z,2019-01-13T16:31:00Z,1,MOCNESS,MM54.ESCA,SRP178885
SRR8438112,AMPLICON,501,26648954,PRJNA514914,SAMN10737243,Metagenome or environmental,19217092,NOVA SOUTHEASTERN UNIVERSITY,8/17/16,public,"fastq,run.zq,sra","gs,ncbi,s3","gs.us-east1,ncbi.public,s3.us-east-1",SRX5245562,CC79.2,uncalculated,uncalculated,Atlantic Ocean: Gulf of Mexico,Cryptopsaras couesii,Illumina MiSeq,fin,28.5154 N 87.5308 W,CC79.2.F,PAIRED,PCR,GENOMIC,fish metagenome,ILLUMINA,2019-08-31T00:00:00Z,2019-01-13T16:31:00Z,1,MOCNESS,CC79.2.F,SRP178885
SRR8438113,AMPLICON,501,29213797,PRJNA514914,SAMN10737242,Metagenome or environmental,21204234,NOVA SOUTHEASTERN UNIVERSITY,8/17/16,public,"fastq,run.zq,sra","gs,ncbi,s3","gs.us-east1,ncbi.public,s3.us-east-1",SRX5245561,CC79.2,uncalculated,uncalculated,Atlantic Ocean: Gulf of Mexico,Cryptopsaras couesii,Illumina MiSeq,Esca,28.5154 N 87.5308 W,CC79.2.E,PAIRED,PCR,GENOMIC,fish metagenome,ILLUMINA,2019-08-31T00:00:00Z,2019-01-13T16:31:00Z,1,MOCNESS,CC79.2.E,SRP178885
SRR8438114,AMPLICON,501,47224711,PRJNA514914,SAMN10737241,Metagenome or environmental,33578186,NOVA SOUTHEASTERN UNIVERSITY,8/17/16,public,"fastq,run.zq,sra","gs,ncbi,s3","gs.us-east1,ncbi.public,s3.us-east-1",SRX5245560,CC79.1,uncalculated,uncalculated,Atlantic Ocean: Gulf of Mexico,Cryptopsaras couesii,Illumina MiSeq,skin,28.5154 N 87.5308 W,CC79.1.S,PAIRED,PCR,GENOMIC,fish metagenome,ILLUMINA,2019-08-31T00:00:00Z,2019-01-13T16:31:00Z,1,MOCNESS,CC79.1.S,SRP178885
SRR8438115,AMPLICON,501,39528199,PRJNA514914,SAMN10737240,Metagenome or environmental,28775436,NOVA SOUTHEASTERN UNIVERSITY,8/17/16,public,"fastq,run.zq,sra","gs,ncbi,s3","gs.us-east1,ncbi.public,s3.us-east-1",SRX5245559,CC79.1,uncalculated,uncalculated,Atlantic Ocean: Gulf of Mexico,Cryptopsaras couesii,Illumina MiSeq,gills,28.5154 N 87.5308 W,CC79.1.GI,PAIRED,PCR,GENOMIC,fish metagenome,ILLUMINA,2019-08-31T00:00:00Z,2019-01-13T16:31:00Z,1,MOCNESS,CC79.1.GI,SRP178885
SRR8438116,AMPLICON,501,27764144,PRJNA514914,SAMN10737245,Metagenome or environmental,19944124,NOVA SOUTHEASTERN UNIVERSITY,8/17/16,public,"fastq,run.zq,sra","gs,ncbi,s3","gs.us-east1,ncbi.public,s3.us-east-1",SRX5245558,CC79.2,uncalculated,uncalculated,Atlantic Ocean: Gulf of Mexico,Cryptopsaras couesii,Illumina MiSeq,gills,28.5154 N 87.5308 W,CC79.2.GI,PAIRED,PCR,GENOMIC,fish metagenome,ILLUMINA,2019-08-31T00:00:00Z,2019-01-13T16:31:00Z,1,MOCNESS,CC79.2.GI,SRP178885
SRR8438117,AMPLICON,501,14953271,PRJNA514914,SAMN10737244,Metagenome or environmental,10918154,NOVA SOUTHEASTERN UNIVERSITY,8/17/16,public,"fastq,run.zq,sra","gs,ncbi,s3","gs.us-east1,ncbi.public,s3.us-east-1",SRX5245557,CC79.2,uncalculated,uncalculated,Atlantic Ocean: Gulf of Mexico,Cryptopsaras couesii,Illumina MiSeq,Guts,28.5154 N 87.5308 W,CC79.2.G,PAIRED,PCR,GENOMIC,fish metagenome,ILLUMINA,2019-08-31T00:00:00Z,2019-01-13T16:31:00Z,1,MOCNESS,CC79.2.G,SRP178885
SRR8438118,AMPLICON,501,7793173,PRJNA514914,SAMN10737136,Metagenome or environmental,5540353,NOVA SOUTHEASTERN UNIVERSITY,8/5/16,public,"fastq,run.zq,sra","gs,ncbi,s3","gs.us-east1,ncbi.public,s3.us-east-1",SRX5245556,CC57,uncalculated,uncalculated,Atlantic Ocean: Gulf of Mexico,Cryptopsaras couesii,Illumina MiSeq,Esca,27.0028 N 90.0065 W,CC57.ESCA,PAIRED,PCR,GENOMIC,fish metagenome,ILLUMINA,2019-08-31T00:00:00Z,2019-01-13T16:31:00Z,1,MOCNESS,CC57.ESCA,SRP178885
SRR8438119,AMPLICON,500,14676003,PRJNA514914,SAMN10737137,Metagenome or environmental,8748906,NOVA SOUTHEASTERN UNIVERSITY,8/14/15,public,"fastq,run.zq,sra","gs,ncbi,s3","gs.us-east1,ncbi.public,s3.us-east-1",SRX5245555,CC24,uncalculated,uncalculated,Atlantic Ocean: Gulf of Mexico,Cryptopsaras couesii,Illumina MiSeq,Esca,28.4742 N 87.4621 W,CC24,PAIRED,PCR,GENOMIC,fish metagenome,ILLUMINA,2019-08-31T00:00:00Z,2019-01-13T16:31:00Z,1,MOCNESS,CC24,SRP178885
SRR8438120,AMPLICON,500,14253511,PRJNA514914,SAMN10737138,Metagenome or environmental,8471267,NOVA SOUTHEASTERN UNIVERSITY,8/16/15,public,"fastq,run.zq,sra","gs,ncbi,s3","gs.us-east1,ncbi.public,s3.us-east-1",SRX5245554,CC26,uncalculated,uncalculated,Atlantic Ocean: Gulf of Mexico,Cryptopsaras couesii,Illumina MiSeq,Esca,28.5490 N 87.0296 W,CC26,PAIRED,PCR,GENOMIC,fish metagenome,ILLUMINA,2019-08-31T00:00:00Z,2019-01-13T16:31:00Z,1,MOCNESS,CC26,SRP178885
SRR8438121,AMPLICON,500,46637093,PRJNA514914,SAMN10737139,Metagenome or environmental,27320758,NOVA SOUTHEASTERN UNIVERSITY,8/19/15,public,"fastq,run.zq,sra","gs,ncbi,s3","gs.us-east1,ncbi.public,s3.us-east-1",SRX5245553,CC32,uncalculated,uncalculated,Atlantic Ocean: Gulf of Mexico,Cryptopsaras couesii,Illumina MiSeq,Esca,26.9322 N 87.0204 W,CC32,PAIRED,PCR,GENOMIC,fish metagenome,ILLUMINA,2019-08-31T00:00:00Z,2019-01-13T16:31:00Z,1,MOCNESS,CC32,SRP178885
SRR8438122,AMPLICON,500,10166378,PRJNA514914,SAMN10737140,Metagenome or environmental,6174203,NOVA SOUTHEASTERN UNIVERSITY,8/20/15,public,"fastq,run.zq,sra","gs,ncbi,s3","gs.us-east1,ncbi.public,s3.us-east-1",SRX5245552,CC34,uncalculated,uncalculated,Atlantic Ocean: Gulf of Mexico,Cryptopsaras couesii,Illumina MiSeq,Esca,27.4719 N 86.5366 W,CC34,PAIRED,PCR,GENOMIC,fish metagenome,ILLUMINA,2019-08-31T00:00:00Z,2019-01-13T16:31:00Z,1,MOCNESS,CC34,SRP178885
SRR8438123,AMPLICON,501,55522922,PRJNA514914,SAMN10737141,Metagenome or environmental,39062307,NOVA SOUTHEASTERN UNIVERSITY,5/4/16,public,"fastq,run.zq,sra","gs,ncbi,s3","gs.us-east1,ncbi.public,s3.us-east-1",SRX5245551,CC42,uncalculated,uncalculated,Atlantic Ocean: Gulf of Mexico,Cryptopsaras couesii,Illumina MiSeq,Caruncles,27.8910 N 86.8787 W,CC42.C,PAIRED,PCR,GENOMIC,fish metagenome,ILLUMINA,2019-08-31T00:00:00Z,2019-01-13T16:31:00Z,1,MOCNESS,CC42.C,SRP178885
SRR8438124,AMPLICON,501,48356861,PRJNA514914,SAMN10737142,Metagenome or environmental,33838859,NOVA SOUTHEASTERN UNIVERSITY,5/4/16,public,"fastq,run.zq,sra","gs,ncbi,s3","gs.us-east1,ncbi.public,s3.us-east-1",SRX5245550,CC42,uncalculated,uncalculated,Atlantic Ocean: Gulf of Mexico,Cryptopsaras couesii,Illumina MiSeq,Esca,27.8910 N 86.8787 W,CC42.Escabud,PAIRED,PCR,GENOMIC,fish metagenome,ILLUMINA,2019-08-31T00:00:00Z,2019-01-13T16:31:00Z,1,MOCNESS,CC42.Escabud,SRP178885
SRR8438125,AMPLICON,501,206133442,PRJNA514914,SAMN10737143,Metagenome or environmental,142934128,NOVA SOUTHEASTERN UNIVERSITY,5/4/16,public,"fastq,run.zq,sra","gs,ncbi,s3","gs.us-east1,ncbi.public,s3.us-east-1",SRX5245549,CC42,uncalculated,uncalculated,Atlantic Ocean: Gulf of Mexico,Cryptopsaras couesii,Illumina MiSeq,skin,27.8910 N 86.8787 W,CC42.SKIN,PAIRED,PCR,GENOMIC,fish metagenome,ILLUMINA,2019-08-31T00:00:00Z,2019-01-13T16:31:00Z,1,MOCNESS,CC42.SKIN,SRP178885
SRR8438126,AMPLICON,501,40088013,PRJNA514914,SAMN10737144,Metagenome or environmental,27030414,NOVA SOUTHEASTERN UNIVERSITY,5/11/16,public,"fastq,run.zq,sra","gs,ncbi,s3","gs.us-east1,ncbi.public,s3.us-east-1",SRX5245548,CC53.N0,uncalculated,uncalculated,Atlantic Ocean: Gulf of Mexico,Cryptopsaras couesii,Illumina MiSeq,Esca,28.5120 N 88.0278 W,CC53.N0.ESCA,PAIRED,PCR,GENOMIC,fish metagenome,ILLUMINA,2019-08-31T00:00:00Z,2019-01-13T16:31:00Z,1,MOCNESS,CC53.N0.ESCA,SRP178885
SRR8438127,AMPLICON,501,43119658,PRJNA514914,SAMN10737145,Metagenome or environmental,28757406,NOVA SOUTHEASTERN UNIVERSITY,5/11/16,public,"fastq,run.zq,sra","gs,ncbi,s3","gs.us-east1,ncbi.public,s3.us-east-1",SRX5245547,CC53.N3,uncalculated,uncalculated,Atlantic Ocean: Gulf of Mexico,Cryptopsaras couesii,Illumina MiSeq,Esca,28.5120 N 88.0278 W,CC53.N3.ESCA,PAIRED,PCR,GENOMIC,fish metagenome,ILLUMINA,2019-08-31T00:00:00Z,2019-01-13T16:31:00Z,1,MOCNESS,CC53.N3.ESCA,SRP178885
SRR8438128,AMPLICON,501,179926,PRJNA514914,SAMN10737222,Metagenome or environmental,189222,NOVA SOUTHEASTERN UNIVERSITY,5/1/15,public,"fastq,run.zq,sra","gs,ncbi,s3","gs.us-east1,ncbi.public,s3.us-east-1",SRX5245546,DP02,uncalculated,uncalculated,Atlantic Ocean: Gulf of Mexico,Dolopichthys,Illumina MiSeq,gills,29.0480 N 87.9900 W,DP4,PAIRED,PCR,GENOMIC,fish metagenome,ILLUMINA,2019-08-31T00:00:00Z,2019-01-13T16:31:00Z,1,MOCNESS,DP4,SRP178885
SRR8438129,AMPLICON,501,11443906,PRJNA514914,SAMN10737150,Metagenome or environmental,8299595,NOVA SOUTHEASTERN UNIVERSITY,8/5/16,public,"fastq,run.zq,sra","gs,ncbi,s3","gs.us-east1,ncbi.public,s3.us-east-1",SRX5245545,CC57,uncalculated,uncalculated,Atlantic Ocean: Gulf of Mexico,Cryptopsaras couesii,Illumina MiSeq,Guts,27.0028 N 90.0065 W,CC57.GUT,PAIRED,PCR,GENOMIC,fish metagenome,ILLUMINA,2019-08-31T00:00:00Z,2019-01-13T16:31:00Z,1,MOCNESS,CC57.GUT,SRP178885
SRR8438130,AMPLICON,501,48236940,PRJNA514914,SAMN10737151,Metagenome or environmental,34320189,NOVA SOUTHEASTERN UNIVERSITY,8/5/16,public,"fastq,run.zq,sra","gs,ncbi,s3","gs.us-east1,ncbi.public,s3.us-east-1",SRX5245544,CC57,uncalculated,uncalculated,Atlantic Ocean: Gulf of Mexico,Cryptopsaras couesii,Illumina MiSeq,skin,27.0028 N 90.0065 W,CC57.SKIN,PAIRED,PCR,GENOMIC,fish metagenome,ILLUMINA,2019-08-31T00:00:00Z,2019-01-13T16:31:00Z,1,MOCNESS,CC57.SKIN,SRP178885
SRR8438131,AMPLICON,500,23380799,PRJNA514914,SAMN10737152,Metagenome or environmental,15793302,NOVA SOUTHEASTERN UNIVERSITY,8/6/16,public,"fastq,run.zq,sra","gs,ncbi,s3","gs.us-east1,ncbi.public,s3.us-east-1",SRX5245543,LI58,uncalculated,uncalculated,Atlantic Ocean: Gulf of Mexico,Linophrynidae,Illumina MiSeq,Esca,26.9942 N 89.9939 W,LI58.ESCA,PAIRED,PCR,GENOMIC,fish metagenome,ILLUMINA,2019-08-31T00:00:00Z,2019-01-13T16:31:00Z,1,MOCNESS,LI58.ESCA,SRP178885
SRR8438132,AMPLICON,500,51844289,PRJNA514914,SAMN10737153,Metagenome or environmental,34633571,NOVA SOUTHEASTERN UNIVERSITY,8/6/16,public,"fastq,run.zq,sra","gs,ncbi,s3","gs.us-east1,ncbi.public,s3.us-east-1",SRX5245542,LI58,uncalculated,uncalculated,Atlantic Ocean: Gulf of Mexico,Linophrynidae,Illumina MiSeq,skin,26.9942 N 89.9939 W,LI58.SKIN,PAIRED,PCR,GENOMIC,fish metagenome,ILLUMINA,2019-08-31T00:00:00Z,2019-01-13T16:31:00Z,1,MOCNESS,LI58.SKIN,SRP178885
SRR8438133,AMPLICON,501,14584998,PRJNA514914,SAMN10737146,Metagenome or environmental,9895725,NOVA SOUTHEASTERN UNIVERSITY,5/11/16,public,"fastq,run.zq,sra","gs,ncbi,s3","gs.us-east1,ncbi.public,s3.us-east-1",SRX5245541,CC53.N3,uncalculated,uncalculated,Atlantic Ocean: Gulf of Mexico,Cryptopsaras couesii,Illumina MiSeq,Illicium,28.5120 N 88.0278 W,CC53.N3.ILL,PAIRED,PCR,GENOMIC,fish metagenome,ILLUMINA,2019-08-31T00:00:00Z,2019-01-13T16:31:00Z,1,MOCNESS,CC53.N3.ILL,SRP178885
SRR8438134,AMPLICON,501,7440831,PRJNA514914,SAMN10737147,Metagenome or environmental,5297274,NOVA SOUTHEASTERN UNIVERSITY,8/5/16,public,"fastq,run.zq,sra","gs,ncbi,s3","gs.us-east1,ncbi.public,s3.us-east-1",SRX5245540,CC57,uncalculated,uncalculated,Atlantic Ocean: Gulf of Mexico,Cryptopsaras couesii,Illumina MiSeq,Caruncles,27.0028 N 90.0065 W,CC57.CAR,PAIRED,PCR,GENOMIC,fish metagenome,ILLUMINA,2019-08-31T00:00:00Z,2019-01-13T16:31:00Z,1,MOCNESS,CC57.CAR,SRP178885
SRR8438135,AMPLICON,500,5667689,PRJNA514914,SAMN10737148,Metagenome or environmental,4122432,NOVA SOUTHEASTERN UNIVERSITY,8/5/16,public,"fastq,run.zq,sra","gs,ncbi,s3","gs.us-east1,ncbi.public,s3.us-east-1",SRX5245539,CC57,uncalculated,uncalculated,Atlantic Ocean: Gulf of Mexico,Cryptopsaras couesii,Illumina MiSeq,fin,27.0028 N 90.0065 W,CC57.FIN,PAIRED,PCR,GENOMIC,fish metagenome,ILLUMINA,2019-08-31T00:00:00Z,2019-01-13T16:31:00Z,1,MOCNESS,CC57.FIN,SRP178885
SRR8438136,AMPLICON,501,7484578,PRJNA514914,SAMN10737149,Metagenome or environmental,5388245,NOVA SOUTHEASTERN UNIVERSITY,8/5/16,public,"fastq,run.zq,sra","gs,ncbi,s3","gs.us-east1,ncbi.public,s3.us-east-1",SRX5245538,CC57,uncalculated,uncalculated,Atlantic Ocean: Gulf of Mexico,Cryptopsaras couesii,Illumina MiSeq,gills,27.0028 N 90.0065 W,CC57.GILLS,PAIRED,PCR,GENOMIC,fish metagenome,ILLUMINA,2019-08-31T00:00:00Z,2019-01-13T16:31:00Z,1,MOCNESS,CC57.GILLS,SRP178885
SRR8438137,AMPLICON,500,11853065,PRJNA514914,SAMN10737154,Metagenome or environmental,8516221,NOVA SOUTHEASTERN UNIVERSITY,8/7/16,public,"fastq,run.zq,sra","gs,ncbi,s3","gs.us-east1,ncbi.public,s3.us-east-1",SRX5245537,CC60,uncalculated,uncalculated,Atlantic Ocean: Gulf of Mexico,Cryptopsaras couesii,Illumina MiSeq,Caruncles,26.9744 N 88.9683 W,CC60.CAR,PAIRED,PCR,GENOMIC,fish metagenome,ILLUMINA,2019-08-31T00:00:00Z,2019-01-13T16:31:00Z,1,MOCNESS,CC60.CAR,SRP178885
SRR8438138,AMPLICON,500,36206720,PRJNA514914,SAMN10737155,Metagenome or environmental,24747763,NOVA SOUTHEASTERN UNIVERSITY,8/6/16,public,"fastq,run.zq,sra","gs,ncbi,s3","gs.us-east1,ncbi.public,s3.us-east-1",SRX5245536,CC59,uncalculated,uncalculated,Atlantic Ocean: Gulf of Mexico,Cryptopsaras couesii,Illumina MiSeq,Esca,26.9937 N 89.9942 W,CC59.HEAD,PAIRED,PCR,GENOMIC,fish metagenome,ILLUMINA,2019-08-31T00:00:00Z,2019-01-13T16:31:00Z,1,MOCNESS,CC59.HEAD,SRP178885
SRR8438139,AMPLICON,500,14911197,PRJNA514914,SAMN10737234,Metagenome or environmental,8584951,NOVA SOUTHEASTERN UNIVERSITY,5/2/15,public,"fastq,run.zq,sra","gs,ncbi,s3","gs.us-east1,ncbi.public,s3.us-east-1",SRX5245535,MJ02,uncalculated,uncalculated,Atlantic Ocean: Gulf of Mexico,Melanocetus johnsonii,Illumina MiSeq,gills,28.9180 N 87.9980 W,M4,PAIRED,PCR,GENOMIC,fish metagenome,ILLUMINA,2019-08-31T00:00:00Z,2019-01-13T16:31:00Z,1,MOCNESS,M4,SRP178885
SRR8438140,AMPLICON,500,16188767,PRJNA514914,SAMN10737235,Metagenome or environmental,9087134,NOVA SOUTHEASTERN UNIVERSITY,5/2/15,public,"fastq,run.zq,sra","gs,ncbi,s3","gs.us-east1,ncbi.public,s3.us-east-1",SRX5245534,MJ02,uncalculated,uncalculated,Atlantic Ocean: Gulf of Mexico,Melanocetus johnsonii,Illumina MiSeq,Esca,28.9180 N 87.9980 W,MJ002,PAIRED,PCR,GENOMIC,fish metagenome,ILLUMINA,2019-08-31T00:00:00Z,2019-01-13T16:31:00Z,1,MOCNESS,MJ002,SRP178885
SRR8438141,AMPLICON,501,62179011,PRJNA514914,SAMN10737230,Metagenome or environmental,44897412,NOVA SOUTHEASTERN UNIVERSITY,8/17/16,public,"fastq,run.zq,sra","gs,ncbi,s3","gs.us-east1,ncbi.public,s3.us-east-1",SRX5245533,CC79.1,uncalculated,uncalculated,Atlantic Ocean: Gulf of Mexico,Cryptopsaras couesii,Illumina MiSeq,Esca,28.5154 N 87.5308 W,CC79.1.E,PAIRED,PCR,GENOMIC,fish metagenome,ILLUMINA,2019-08-31T00:00:00Z,2019-01-13T16:31:00Z,1,MOCNESS,CC79.1.E,SRP178885
SRR8438142,AMPLICON,501,13519333,PRJNA514914,SAMN10737231,Metagenome or environmental,7933575,NOVA SOUTHEASTERN UNIVERSITY,5/2/15,public,"fastq,run.zq,sra","gs,ncbi,s3","gs.us-east1,ncbi.public,s3.us-east-1",SRX5245532,MJ02,uncalculated,uncalculated,Atlantic Ocean: Gulf of Mexico,Melanocetus johnsonii,Illumina MiSeq,skin,28.9180 N 87.9980 W,M1,PAIRED,PCR,GENOMIC,fish metagenome,ILLUMINA,2019-08-31T00:00:00Z,2019-01-13T16:31:00Z,1,MOCNESS,M1,SRP178885
SRR8438143,AMPLICON,501,13647013,PRJNA514914,SAMN10737232,Metagenome or environmental,8013237,NOVA SOUTHEASTERN UNIVERSITY,5/2/15,public,"fastq,run.zq,sra","gs,ncbi,s3","gs.us-east1,ncbi.public,s3.us-east-1",SRX5245531,MJ02,uncalculated,uncalculated,Atlantic Ocean: Gulf of Mexico,Melanocetus johnsonii,Illumina MiSeq,fin,28.9180 N 87.9980 W,M2,PAIRED,PCR,GENOMIC,fish metagenome,ILLUMINA,2019-08-31T00:00:00Z,2019-01-13T16:31:00Z,1,MOCNESS,M2,SRP178885
SRR8438144,AMPLICON,501,14152762,PRJNA514914,SAMN10737233,Metagenome or environmental,8507892,NOVA SOUTHEASTERN UNIVERSITY,5/2/15,public,"fastq,run.zq,sra","gs,ncbi,s3","gs.us-east1,ncbi.public,s3.us-east-1",SRX5245530,MJ02,uncalculated,uncalculated,Atlantic Ocean: Gulf of Mexico,Melanocetus johnsonii,Illumina MiSeq,Guts,28.9180 N 87.9980 W,M3,PAIRED,PCR,GENOMIC,fish metagenome,ILLUMINA,2019-08-31T00:00:00Z,2019-01-13T16:31:00Z,1,MOCNESS,M3,SRP178885
SRR8438145,AMPLICON,501,51249102,PRJNA514914,SAMN10737226,Metagenome or environmental,36130726,NOVA SOUTHEASTERN UNIVERSITY,8/16/16,public,"fastq,run.zq,sra","gs,ncbi,s3","gs.us-east1,ncbi.public,s3.us-east-1",SRX5245529,LI78,uncalculated,uncalculated,Atlantic Ocean: Gulf of Mexico,Linophrynidae,Illumina MiSeq,Esca,28.0343 N 87.5047 W,LI78.ESCA,PAIRED,PCR,GENOMIC,fish metagenome,ILLUMINA,2019-08-31T00:00:00Z,2019-01-13T16:31:00Z,1,MOCNESS,LI78.ESCA,SRP178885
SRR8438146,AMPLICON,501,46320697,PRJNA514914,SAMN10737227,Metagenome or environmental,32544120,NOVA SOUTHEASTERN UNIVERSITY,8/16/16,public,"fastq,run.zq,sra","gs,ncbi,s3","gs.us-east1,ncbi.public,s3.us-east-1",SRX5245528,LI78,uncalculated,uncalculated,Atlantic Ocean: Gulf of Mexico,Linophrynidae,Illumina MiSeq,skin,28.0343 N 87.5047 W,LI78.SKIN,PAIRED,PCR,GENOMIC,fish metagenome,ILLUMINA,2019-08-31T00:00:00Z,2019-01-13T16:31:00Z,1,MOCNESS,LI78.SKIN,SRP178885
SRR8438147,AMPLICON,501,32134905,PRJNA514914,SAMN10737228,Metagenome or environmental,22750753,NOVA SOUTHEASTERN UNIVERSITY,8/16/16,public,"fastq,run.zq,sra","gs,ncbi,s3","gs.us-east1,ncbi.public,s3.us-east-1",SRX5245527,ON78,uncalculated,uncalculated,Atlantic Ocean: Gulf of Mexico,Oneirodidae,Illumina MiSeq,Esca,28.0343 N 87.5047 W,ON78.ESCA,PAIRED,PCR,GENOMIC,fish metagenome,ILLUMINA,2019-08-31T00:00:00Z,2019-01-13T16:31:00Z,1,MOCNESS,ON78.ESCA,SRP178885
SRR8438148,AMPLICON,501,44916988,PRJNA514914,SAMN10737229,Metagenome or environmental,31539665,NOVA SOUTHEASTERN UNIVERSITY,8/16/16,public,"fastq,run.zq,sra","gs,ncbi,s3","gs.us-east1,ncbi.public,s3.us-east-1",SRX5245526,ON78,uncalculated,uncalculated,Atlantic Ocean: Gulf of Mexico,Oneirodidae,Illumina MiSeq,skin,28.0343 N 87.5047 W,ON78.SKIN,PAIRED,PCR,GENOMIC,fish metagenome,ILLUMINA,2019-08-31T00:00:00Z,2019-01-13T16:31:00Z,1,MOCNESS,ON78.SKIN,SRP178885
SRR8438149,AMPLICON,500,40355037,PRJNA514914,SAMN10737157,Metagenome or environmental,27069137,NOVA SOUTHEASTERN UNIVERSITY,8/6/16,public,"fastq,run.zq,sra","gs,ncbi,s3","gs.us-east1,ncbi.public,s3.us-east-1",SRX5245525,GI59,uncalculated,uncalculated,Atlantic Ocean: Gulf of Mexico,Gigantactinidae,Illumina MiSeq,skin,26.9937 N 89.9942 W,GI59.SKIN,PAIRED,PCR,GENOMIC,fish metagenome,ILLUMINA,2019-08-31T00:00:00Z,2019-01-13T16:31:00Z,1,MOCNESS,GI59.SKIN,SRP178885
SRR8438150,AMPLICON,500,30749370,PRJNA514914,SAMN10737156,Metagenome or environmental,20810140,NOVA SOUTHEASTERN UNIVERSITY,8/6/16,public,"fastq,run.zq,sra","gs,ncbi,s3","gs.us-east1,ncbi.public,s3.us-east-1",SRX5245524,GI59,uncalculated,uncalculated,Atlantic Ocean: Gulf of Mexico,Gigantactinidae,Illumina MiSeq,Esca,26.9937 N 89.9942 W,GI59.ESCA,PAIRED,PCR,GENOMIC,fish metagenome,ILLUMINA,2019-08-31T00:00:00Z,2019-01-13T16:31:00Z,1,MOCNESS,GI59.ESCA,SRP178885
SRR8438151,AMPLICON,500,11842939,PRJNA514914,SAMN10737159,Metagenome or environmental,8226089,NOVA SOUTHEASTERN UNIVERSITY,8/6/16,public,"fastq,run.zq,sra","gs,ncbi,s3","gs.us-east1,ncbi.public,s3.us-east-1",SRX5245523,LI59,uncalculated,uncalculated,Atlantic Ocean: Gulf of Mexico,Linophrynidae,Illumina MiSeq,skin,26.9937 N 89.9942 W,LI59.SKIN,PAIRED,PCR,GENOMIC,fish metagenome,ILLUMINA,2019-08-31T00:00:00Z,2019-01-13T16:31:00Z,1,MOCNESS,LI59.SKIN,SRP178885
SRR8438152,AMPLICON,501,5965900,PRJNA514914,SAMN10737158,Metagenome or environmental,4225618,NOVA SOUTHEASTERN UNIVERSITY,8/6/16,public,"fastq,run.zq,sra","gs,ncbi,s3","gs.us-east1,ncbi.public,s3.us-east-1",SRX5245522,LI59,uncalculated,uncalculated,Atlantic Ocean: Gulf of Mexico,Linophrynidae,Illumina MiSeq,Esca,26.9937 N 89.9942 W,LI59.ESCA,PAIRED,PCR,GENOMIC,fish metagenome,ILLUMINA,2019-08-31T00:00:00Z,2019-01-13T16:31:00Z,1,MOCNESS,LI59.ESCA,SRP178885
SRR8438153,AMPLICON,501,8184031,PRJNA514914,SAMN10737161,Metagenome or environmental,5875955,NOVA SOUTHEASTERN UNIVERSITY,8/7/16,public,"fastq,run.zq,sra","gs,ncbi,s3","gs.us-east1,ncbi.public,s3.us-east-1",SRX5245521,CC60,uncalculated,uncalculated,Atlantic Ocean: Gulf of Mexico,Cryptopsaras couesii,Illumina MiSeq,Esca,26.9744 N 88.9683 W,CC60.ESCALBUD,PAIRED,PCR,GENOMIC,fish metagenome,ILLUMINA,2019-08-31T00:00:00Z,2019-01-13T16:31:00Z,1,MOCNESS,CC60.ESCALBUD,SRP178885
SRR8438154,AMPLICON,500,84901139,PRJNA514914,SAMN10737160,Metagenome or environmental,57819660,NOVA SOUTHEASTERN UNIVERSITY,8/8/16,public,"fastq,run.zq,sra","gs,ncbi,s3","gs.us-east1,ncbi.public,s3.us-east-1",SRX5245520,CC62,uncalculated,uncalculated,Atlantic Ocean: Gulf of Mexico,Cryptopsaras couesii,Illumina MiSeq,Caruncles,27.0174 N 87.9766 W,CC62.CAR,PAIRED,PCR,GENOMIC,fish metagenome,ILLUMINA,2019-08-31T00:00:00Z,2019-01-13T16:31:00Z,1,MOCNESS,CC62.CAR,SRP178885
SRR8438155,AMPLICON,501,54036367,PRJNA514914,SAMN10737163,Metagenome or environmental,38345426,NOVA SOUTHEASTERN UNIVERSITY,8/7/16,public,"fastq,run.zq,sra","gs,ncbi,s3","gs.us-east1,ncbi.public,s3.us-east-1",SRX5245519,CC60,uncalculated,uncalculated,Atlantic Ocean: Gulf of Mexico,Cryptopsaras couesii,Illumina MiSeq,gills,26.9744 N 88.9683 W,CC60.GILLS,PAIRED,PCR,GENOMIC,fish metagenome,ILLUMINA,2019-08-31T00:00:00Z,2019-01-13T16:31:00Z,1,MOCNESS,CC60.GILLS,SRP178885
SRR8438156,AMPLICON,501,51310609,PRJNA514914,SAMN10737162,Metagenome or environmental,34472982,NOVA SOUTHEASTERN UNIVERSITY,8/7/16,public,"fastq,run.zq,sra","gs,ncbi,s3","gs.us-east1,ncbi.public,s3.us-east-1",SRX5245518,CC60,uncalculated,uncalculated,Atlantic Ocean: Gulf of Mexico,Cryptopsaras couesii,Illumina MiSeq,fin,26.9744 N 88.9683 W,CC60.FIN,PAIRED,PCR,GENOMIC,fish metagenome,ILLUMINA,2019-08-31T00:00:00Z,2019-01-13T16:31:00Z,1,MOCNESS,CC60.FIN,SRP178885
SRR8438157,AMPLICON,500,67181628,PRJNA514914,SAMN10737165,Metagenome or environmental,47921755,NOVA SOUTHEASTERN UNIVERSITY,8/8/16,public,"fastq,run.zq,sra","gs,ncbi,s3","gs.us-east1,ncbi.public,s3.us-east-1",SRX5245517,CC62,uncalculated,uncalculated,Atlantic Ocean: Gulf of Mexico,Cryptopsaras couesii,Illumina MiSeq,Illicium,27.0174 N 87.9766 W,CC62.ILL,PAIRED,PCR,GENOMIC,fish metagenome,ILLUMINA,2019-08-31T00:00:00Z,2019-01-13T16:31:00Z,1,MOCNESS,CC62.ILL,SRP178885
SRR8438158,AMPLICON,500,48141290,PRJNA514914,SAMN10737164,Metagenome or environmental,33396184,NOVA SOUTHEASTERN UNIVERSITY,8/7/16,public,"fastq,run.zq,sra","gs,ncbi,s3","gs.us-east1,ncbi.public,s3.us-east-1",SRX5245516,CC60,uncalculated,uncalculated,Atlantic Ocean: Gulf of Mexico,Cryptopsaras couesii,Illumina MiSeq,Guts,26.9744 N 88.9683 W,CC60.GUT,PAIRED,PCR,GENOMIC,fish metagenome,ILLUMINA,2019-08-31T00:00:00Z,2019-01-13T16:31:00Z,1,MOCNESS,CC60.GUT,SRP178885